USE mysql_study_practice;

DELETE FROM score;
DELETE FROM student;
DELETE FROM course;
DELETE FROM department;

INSERT INTO department VALUES
(101, '计算机学院', '张教授', '东校区'),
(102, '经济管理学院', '李教授', '西校区'),
(103, '外国语学院', '王教授', '东校区'),
(104, '机械工程学院', '刘教授', '南校区');

INSERT INTO student VALUES
(2024001, '张明', '男', '2005-03-15', 101, '2024-09-01'),
(2024002, '李华', '女', '2005-07-22', 101, '2024-09-01'),
(2024003, '王芳', '女', '2004-12-08', 102, '2023-09-01'),
(2024004, '刘强', '男', '2005-01-30', 101, '2024-09-01'),
(2024005, '陈雨', '女', '2005-05-10', 103, '2024-09-01'),
(2024006, '赵伟', '男', '2004-11-25', 104, '2023-09-01'),
(2024007, '孙悦', '女', '2005-09-12', 102, '2024-09-01'),
(2024008, '周浩', '男', '2004-06-18', 104, '2023-09-01');

INSERT INTO course VALUES
(1001, '数据库系统概论', 4.0, '张老师', 101),
(1002, 'C语言程序设计', 3.5, '李老师', 101),
(1003, '高等数学', 5.0, '王老师', 102),
(1004, '大学英语', 3.0, '刘老师', 103),
(1005, '机械设计基础', 4.0, '赵老师', 104),
(1006, '数据结构', 4.5, '孙老师', 101);

INSERT INTO score (stu_id, course_id, score, exam_date) VALUES
(2024001, 1001, 89.5, '2025-01-15'),
(2024001, 1002, 92.0, '2025-01-16'),
(2024001, 1003, 78.0, '2025-01-17'),
(2024002, 1001, 95.0, '2025-01-15'),
(2024002, 1003, 88.5, '2025-01-17'),
(2024002, 1004, 91.0, '2025-01-18'),
(2024003, 1003, 85.0, '2025-01-17'),
(2024003, 1004, 87.5, '2025-01-18'),
(2024004, 1001, 72.0, '2025-01-15'),
(2024004, 1002, 68.5, '2025-01-16'),
(2024005, 1004, 94.0, '2025-01-18'),
(2024006, 1005, 82.0, '2025-01-19'),
(2024007, 1003, 90.5, '2025-01-17'),
(2024008, 1005, 76.5, '2025-01-19');
